{
  "timestamp": "2025-11-06T00:00:29.418691",
  "frame_id": "frame_0005",
  "total_detections": 4,
  "detections": [
    {
      "color_category": "bright_orange",
      "area_pixels": 1178,
      "center_pixel": [
        149,
        193
      ],
      "confidence": 0.8936273480713431,
      "bounding_box": [
        125,
        185,
        50,
        30
      ]
    },
    {
      "color_category": "yellow_orange",
      "area_pixels": 754,
      "center_pixel": [
        347,
        150
      ],
      "confidence": 0.9401981561034377,
      "bounding_box": [
        330,
        138,
        40,
        24
      ]
    },
    {
      "color_category": "red_orange",
      "area_pixels": 1256,
      "center_pixel": [
        502,
        301
      ],
      "confidence": 0.8424825389887954,
      "bounding_box": [
        482,
        278,
        36,
        44
      ]
    },
    {
      "color_category": "brown",
      "area_pixels": 1178,
      "center_pixel": [
        207,
        356
      ],
      "confidence": 0.7526096685711534,
      "bounding_box": [
        185,
        325,
        30,
        50
      ]
    }
  ]
}