{
  "timestamp": "2025-11-06T00:00:29.412950",
  "frame_id": "frame_0004",
  "total_detections": 4,
  "detections": [
    {
      "color_category": "bright_orange",
      "area_pixels": 1178,
      "center_pixel": [
        147,
        197
      ],
      "confidence": 0.9048291881265743,
      "bounding_box": [
        125,
        185,
        50,
        30
      ]
    },
    {
      "color_category": "yellow_orange",
      "area_pixels": 754,
      "center_pixel": [
        342,
        143
      ],
      "confidence": 0.8575923619762005,
      "bounding_box": [
        330,
        138,
        40,
        24
      ]
    },
    {
      "color_category": "red_orange",
      "area_pixels": 1256,
      "center_pixel": [
        501,
        294
      ],
      "confidence": 0.9693531861497041,
      "bounding_box": [
        482,
        278,
        36,
        44
      ]
    },
    {
      "color_category": "brown",
      "area_pixels": 1178,
      "center_pixel": [
        202,
        356
      ],
      "confidence": 0.6734344270013612,
      "bounding_box": [
        185,
        325,
        30,
        50
      ]
    }
  ]
}