{
  "timestamp": "2025-11-06T00:00:29.401835",
  "frame_id": "frame_0002",
  "total_detections": 4,
  "detections": [
    {
      "color_category": "bright_orange",
      "area_pixels": 1178,
      "center_pixel": [
        156,
        195
      ],
      "confidence": 0.938851472236353,
      "bounding_box": [
        125,
        185,
        50,
        30
      ]
    },
    {
      "color_category": "yellow_orange",
      "area_pixels": 754,
      "center_pixel": [
        347,
        147
      ],
      "confidence": 0.8527005200640763,
      "bounding_box": [
        330,
        138,
        40,
        24
      ]
    },
    {
      "color_category": "red_orange",
      "area_pixels": 1256,
      "center_pixel": [
        508,
        290
      ],
      "confidence": 0.9624765560564756,
      "bounding_box": [
        482,
        278,
        36,
        44
      ]
    },
    {
      "color_category": "brown",
      "area_pixels": 1178,
      "center_pixel": [
        207,
        344
      ],
      "confidence": 0.728720475589682,
      "bounding_box": [
        185,
        325,
        30,
        50
      ]
    }
  ]
}